ItemNo,ItemDesc
1,Flour - Rye
2,Wine - Cotes Du Rhone
3,Foil - 4oz Custard Cup
4,Steampan - Half Size Shallow
5,Lambcasing
6,Broom - Angled
7,Cookies Oatmeal Raisin
8,Trout Rainbow Whole
9,Breadfruit
10,Rabbit - Whole
11,"Napkin - Beverge, White 2 - Ply"
12,Fork - Plastic
13,Beef - Salted
14,Cheese - Augre Des Champs
15,Bag - Regular Kraft 20 Lb
16,Squash - Butternut
17,Coffee - Espresso
18,Wine - Zinfandel Rosenblum
19,Currants
20,Grapefruit - White
21,Spice - Chili Powder Mexican
22,Plaintain
23,"Veal - Inside, Choice"
24,"Salmon - Atlantic, No Skin"
25,Wine - Chablis 2003 Champs
26,"Yogurt - Peach, 175 Gr"
27,"Water - Mineral, Natural"
28,Wine - Chablis J Moreau Et Fils
29,Soup - Campbells Broccoli
30,Lime Cordial - Roses
31,Wine - Chateau Timberlay
32,Ice Cream - Fudge Bars
33,Cheese - Provolone
34,Green Scrubbie Pad H.duty
35,"Plate - Foam, Bread And Butter"
36,Mangoes
37,Cup - 8oz Coffee Perforated
38,Country Roll
39,"Shrimp - 21/25, Peel And Deviened"
40,Squid - Breaded
41,"Cheese - Romano, Grated"
42,Beef - Shank
43,Cake - Mini Potato Pancake
44,Papadam
45,Bouillion - Fish
46,"Pepper - Black, Crushed"
47,"Juice - Apple, 500 Ml"
48,Cookie Dough - Double
49,Gherkin
50,Wanton Wrap
51,"Tea - Darjeeling, Azzura"
52,Lettuce - Boston Bib
53,Lid Tray - 12in Dome
54,Wine - Cotes Du Rhone
55,Cocktail Napkin Blue
56,Chicken - Whole Roasting
57,Garbage Bags - Clear
58,Iced Tea Concentrate
59,"Wine - Mas Chicet Rose, Vintage"
60,Broom - Corn
61,Towels - Paper / Kraft
62,Trueblue - Blueberry Cranberry
63,Appetizer - Chicken Satay
64,Gooseberry
65,Mix - Cappucino Cocktail
66,Tobasco Sauce
67,Salt And Pepper Mix - White
68,Dried Peach
69,Coffee - 10oz Cup 92961
70,"Pasta - Penne, Rigate, Dry"
71,Silicone Parch. 16.3x24.3
72,Beef - Short Loin
73,Lettuce - Lolla Rosa
74,Pimento - Canned
75,Lid - 16 Oz And 32 Oz
76,Honey - Liquid
77,Chicken - Ground
78,Vinegar - Tarragon
79,Scallop - St. Jaques
80,Mikes Hard Lemonade
81,Beef - Sushi Flat Iron Steak
82,Veal - Leg
83,Temperature Recording Station
84,Mangoes
85,Sobe - Berry Energy
86,Tea - Herbal Sweet Dreams
87,Tea - Earl Grey
88,Soup - Campbells Chicken
89,Taro Root
90,Leeks - Large
91,Dome Lid Clear P92008h
92,Sprouts - Baby Pea Tendrils
93,Carbonated Water - Lemon Lime
94,Bar Energy Chocchip
95,"Lid - 10,12,16 Oz"
96,Table Cloth 91x91 Colour
97,Mustard - Dijon
98,Numi - Assorted Teas
99,Sauce - Soy Low Sodium - 3.87l
100,Puree - Blackcurrant
101,Scrubbie - Scotchbrite Hand Pad
102,Coffee Guatemala Dark
103,Cookies - Englishbay Chochip
104,"Wine - Red, Pelee Island Merlot"
105,"Turkey - Breast, Double"
106,Table Cloth 54x54 Colour
107,"Tomatoes - Plum, Canned"
108,Cabbage - Red
109,Trueblue - Blueberry Cranberry
110,"Soup - Campbells, Butternut"
111,Yoplait Drink
112,Creme De Menth - White
113,French Pastry - Mini Chocolate
114,Crackers - Soda / Saltins
115,Flour - Fast / Rapid
116,Cape Capensis - Fillet
117,"Napkin - Dinner, White"
118,Nantucket - Orange Mango Cktl
119,Plate Foam Laminated 9in Blk
120,Arctic Char - Fillets
121,Country Roll
122,Tia Maria
123,Pork - Caul Fat
124,Wine - Ej Gallo Sierra Valley
125,Puff Pastry - Sheets
126,Nestea - Iced Tea
127,"Soup - Campbells, Spinach Crm"
128,Nestea - Iced Tea
129,Sage - Rubbed
130,"Beef - Bones, Cut - Up"
131,Muffin Hinge Container 6
132,Cafe Royale
133,Ice Cream - Chocolate
134,Pastry - Apple Muffins - Mini
135,Lamb - Bones
136,Tea - Jasmin Green
137,Shrimp - Black Tiger 26/30
138,Cotton Wet Mop 16 Oz
139,Wine - Sauvignon Blanc Oyster
140,"Bread - Roll, Italian"
141,Beans - Fine
142,Crackers - Soda / Saltins
143,Kellogs All Bran Bars
144,Pur Value
145,"Beans - Black Bean, Canned"
146,Scotch - Queen Anne
147,Wine - Chateau Bonnet
148,"Cheese - Cheddar, Old White"
149,Tuna - Salad Premix
150,Cookie Dough - Double
151,Ezy Change Mophandle
152,"Pork - Bacon,back Peameal"
153,"Crab - Back Fin Meat, Canned"
154,Beer - True North Strong Ale
155,Nantucket - Orange Mango Cktl
156,"Yogurt - Raspberry, 175 Gr"
157,Peppercorns - Pink
158,Cleaner - Bleach
159,"Juice - Tomato, 48 Oz"
160,Muffin Mix - Corn Harvest
161,Flounder - Fresh
162,"Salsify, Organic"
163,Coffee - Cafe Moreno
164,Five Alive Citrus
165,Fondant - Icing
166,Cheese - Cheddar With Claret
167,Dooleys Toffee
168,Muffin Carrot - Individual
169,Appetizer - Mushroom Tart
170,"Wine - White, Ej"
171,Cookie Dough - Oatmeal Rasin
172,"Pepsi, 355 Ml"
173,Sour Puss Raspberry
174,Wine - Rubyport
175,"Lobster - Tail, 3 - 4 Oz"
176,Sambuca - Opal Nera
177,Pastry - Lemon Danish - Mini
178,Bols Melon Liqueur
179,"Quail - Whole, Boneless"
180,Energy Drink
181,Pork - Bacon Cooked Slcd
182,Chocolate Eclairs
183,Truffle Cups Green
184,"Seedlings - Mix, Organic"
185,Carrots - Jumbo
186,Beer - Blue Light
187,Sambuca Cream
188,Chinese Foods - Pepper Beef
189,Wine - Kwv Chenin Blanc South
190,Wine - Valpolicella Masi
191,Zucchini - Yellow
192,"Wine - Red, Lurton Merlot De"
193,"Juice - Cranberry, 341 Ml"
194,Cognac - Courvaisier
195,"Veal - Brisket, Provimi, Bone - In"
196,Soup Campbells Mexicali Tortilla
197,"Pasta - Cannelloni, Sheets, Fresh"
198,"Rosemary - Primerba, Paste"
199,Ecolab - Hobart Washarm End Cap
200,Flour - Strong
201,Port - 74 Brights
202,"Juice - Tomato, 48 Oz"
203,Pickle - Dill
204,Tomatillo
205,Plate Pie Foil
206,Wine - Two Oceans Sauvignon
207,Calaloo
208,Spice - Pepper Portions
209,Bar Nature Valley
210,Water - Perrier
211,Pepper - Roasted Red
212,Wine - Champagne Brut Veuve
213,Cheese - Feta
214,Mushroom - Portebello
215,Beer - Moosehead
216,Straws - Cocktale
217,Sprouts - Baby Pea Tendrils
218,Bread - Pumpernickel
219,Wine - Rhine Riesling Wolf Blass
220,Rum - Mount Gay Eclipes
221,Haggis
222,Tomatoes - Yellow Hot House
223,Lemon Balm - Fresh
224,"Rum - Light, Captain Morgan"
225,Sage Ground Wiberg
226,Bowl 12 Oz - Showcase 92012
227,"Pasta - Detalini, White, Fresh"
228,"Wine - White, Cooking"
229,Crab - Imitation Flakes
230,Sour Puss Sour Apple
231,"Jam - Marmalade, Orange"
232,Tea - Mint
233,Dill Weed - Fresh
234,Island Oasis - Pina Colada
235,Miso Paste White
236,Bread - English Muffin
237,Cleaner - Lime Away
238,"Pasta - Fettuccine, Egg, Fresh"
239,Pastry - Key Limepoppy Seed Tea
240,Sansho Powder
241,Apple - Custard
242,Cheese - Gorgonzola
243,Longos - Penne With Pesto
244,Bread - Triangle White
245,"Wine - Red, Cabernet Sauvignon"
246,Flour - Bread
247,Cotton Wet Mop 16 Oz
248,Tea - Decaf 1 Cup
249,Bouillion - Fish
250,Gingerale - Diet - Schweppes
251,Baking Soda
252,Beef - Striploin Aa
253,Whmis Spray Bottle Graduated
254,"Lettuce - Mini Greens, Whole"
255,Sun - Dried Tomatoes
256,Sun - Dried Tomatoes
257,Soup - Tomato Mush. Florentine
258,Bread Base - Toscano
259,Pasta - Canelloni
260,"Crab - Claws, 26 - 30"
261,Chinese Foods - Chicken Wing
262,Silicone Parch. 16.3x24.3
263,Langers - Cranberry Cocktail
264,Pasta - Fusili Tri - Coloured
265,Tamarillo
266,Mushroom Morel Fresh
267,Cucumber - English
268,Flour - Chickpea
269,"Octopus - Baby, Cleaned"
270,Rice - Jasmine Sented
271,Island Oasis - Sweet And Sour Mix
272,Cake - Dulce De Leche
273,Beef - Tenderloin
274,Syrup - Kahlua Chocolate
275,Broom - Corn
276,Cake Sheet Combo Party Pack
277,Chocolate Eclairs
278,Cookies - Englishbay Oatmeal
279,"Potatoes - Instant, Mashed"
280,Longos - Chicken Curried
281,Sauce - Soy Low Sodium - 3.87l
282,Paper Towel Touchless
283,"Pail - 4l White, With Handle"
284,Toothpick Frilled
285,Coffee - Almond Amaretto
286,Puree - Passion Fruit
287,Skewers - Bamboo
288,Mix Pina Colada
289,Ostrich - Prime Cut
290,"Bread - Sticks, Thin, Plain"
291,Pie Box - Cello Window 2.5
292,"Juice - Pineapple, 341 Ml"
293,Wine - Alsace Riesling Reserve
294,"Pail - 15l White, With Handle"
295,Beef - Striploin Aa
296,Muffins - Assorted
297,"Tea - Darjeeling, Azzura"
298,Pimento - Canned
299,Nacho Chips
300,"Potatoes - Instant, Mashed"
301,Squid - Breaded
302,"Wine - Red, Mouton Cadet"
303,Cheese - Goat With Herbs
304,Cake - Cheese Cake 9 Inch
305,Sauce - Caesar Dressing
306,Orange - Blood
307,Bread - Dark Rye
308,Chicken - Soup Base
309,Apple - Fuji
310,Strawberries
311,Sugar - Individual Portions
312,Bread Bowl Plain
313,Sauerkraut
314,Mix Pina Colada
315,Wine - Rhine Riesling Wolf Blass
316,Fish - Bones
317,Bulgar
318,Wine - Pinot Noir Stoneleigh
319,"Bread - Crumbs, Bulk"
320,Pastry - Baked Scones - Mini
321,Tea - Herbal Orange Spice
322,Muffin - Mix - Mango Sour Cherry
323,Chicken - Wieners
324,Samosa - Veg
325,"Mushroom - Chanterelle, Dry"
326,Chick Peas - Canned
327,Sprouts - Onion
328,"Beef - Rouladin, Sliced"
329,Potatoes - Peeled
330,Mustard - Individual Pkg
331,"Beef - Tenderlion, Center Cut"
332,Tomatoes - Grape
333,Pastry - Trippleberry Muffin - Mini
334,Anisette - Mcguiness
335,Cookie Dough - Peanut Butter
336,Sardines
337,"Chilli Paste, Sambal Oelek"
338,Oven Mitts 17 Inch
339,Bread - Multigrain
340,Bread - Flat Bread
341,Squash - Sunburst
342,Anisette - Mcguiness
343,Coffee Cup 8oz 5338cd
344,Soup - French Onion
345,"Tendrils - Baby Pea, Organic"
346,"Pepper - Black, Whole"
347,Beef - Top Butt Aaa
348,Ham - Virginia
349,The Pop Shoppe - Black Cherry
350,Arrowroot
351,Bread - Sour Sticks With Onion
352,"Juice - Orange, 341 Ml"
353,Coffee Cup 12oz 5342cd
354,Lamb - Rack
355,Pur Source
356,Chocolate Bar - Oh Henry
357,Nantucket - 518ml
358,Onions - Vidalia
359,"Cheese - Boursin, Garlic / Herbs"
360,"Tart Shells - Sweet, 3"
361,Cake - French Pear Tart
362,"Beans - Black Bean, Preserved"
363,Bread - Malt
364,Venison - Ground
365,"Doilies - 10, Paper"
366,"Coffee - Beans, Whole"
367,Ice Cream - Super Sandwich
368,Mace
369,"Butter - Salted, Micro"
370,Mustard - Pommery
371,Wine - Chateau Timberlay
372,Muffin Batt - Choc Chk
373,Compound - Raspberry
374,"Tarragon - Primerba, Paste"
375,Beef - Flank Steak
376,Glaze - Apricot
377,Oysters - Smoked
378,Cocoa Feuilletine
379,Bandage - Finger Cots
380,Cleaner - Bleach
381,Pepper - Green Thai
382,Halibut - Steaks
383,Squash - Acorn
384,"Tomatoes - Vine Ripe, Red"
385,Water - Perrier
386,Onions - White
387,"Salmon - Atlantic, No Skin"
388,Veal - Bones
389,Wine - Two Oceans Cabernet
390,Wine - Segura Viudas Aria Brut
391,Chinese Foods - Thick Noodles
392,Tomato - Peeled Italian Canned
393,Rum - Mount Gay Eclipes
394,"Lamb - Whole Head Off,nz"
395,Miso - Soy Bean Paste
396,Sambuca Cream
397,Gatorade - Lemon Lime
398,"Thyme - Lemon, Fresh"
399,Juice - Apple Cider
400,Cheese - Sheep Milk
401,Onions - Cippolini
402,Sauce - Oyster
403,Ginger - Ground
404,"Trout - Hot Smkd, Dbl Fillet"
405,Pasta - Agnolotti - Butternut
406,Pastry - Apple Muffins - Mini
407,"Bread - Roll, Italian"
408,"Pasta - Rotini, Colour, Dry"
409,Pepper - Red Bell
410,Amaretto
411,Chocolate - Semi Sweet
412,Curry Powder Madras
413,"Pasta - Orzo, Dry"
414,Sardines
415,Capon - Whole
416,Melon - Honey Dew
417,Rice - Sushi
418,Shiratamako - Rice Flour
419,Cup Translucent 9 Oz
420,"Potatoes - Purple, Organic"
421,Oil - Peanut
422,Cheese - Mascarpone
423,Lobster - Base
424,"Mushroom - Enoki, Dry"
425,Apricots - Dried
426,The Pop Shoppe - Root Beer
427,Dry Ice
428,Oregano - Fresh
429,Uniform Linen Charge
430,Scallop - St. Jaques
431,Coffee - Egg Nog Capuccino
432,Chicken - Livers
433,Bulgar
434,Spice - Peppercorn Melange
435,Ice Cream Bar - Drumstick
436,Wine - Chianti Classico Riserva
437,Celery
438,"Pasta - Canelloni, Single Serve"
439,Fruit Mix - Light
440,Lemon Tarts
441,Tomatoes - Yellow Hot House
442,Hold Up Tool Storage Rack
443,Tomato Paste
444,Pork Salted Bellies
445,Cocktail Napkin Blue
446,Chervil - Fresh
447,Ecolab - Power Fusion
448,Russian Prince
449,Bacon Strip Precooked
450,Squid U5 - Thailand
451,Coffee Cup 8oz 5338cd
452,Capers - Pickled
453,Beef - Ground Medium
454,Sauerkraut
455,Rice - 7 Grain Blend
456,Coffee - Irish Cream
457,Soup - Campbells Tomato Ravioli
458,Chocolate Bar - Reese Pieces
459,"Wine - White, Pelee Island"
460,Guinea Fowl
461,Nectarines
462,Nescafe - Frothy French Vanilla
463,"Cherries - Bing, Canned"
464,Asparagus - Mexican
465,"Brocolinni - Gaylan, Chinese"
466,Table Cloth 144x90 White
467,Banana - Leaves
468,"Nut - Hazelnut, Whole"
469,Vacuum Bags 12x16
470,Cilantro / Coriander - Fresh
471,Tea - Lemon Green Tea
472,Orange - Tangerine
473,"Garlic - Primerba, Paste"
474,Kellogs All Bran Bars
475,"Shrimp - 16/20, Iqf, Shell On"
476,Oil - Macadamia
477,Milk - 2%
478,"Doilies - 8, Paper"
479,Wine - Fino Tio Pepe Gonzalez
480,Pepper - Scotch Bonnet
481,Skewers - Bamboo
482,Chocolate - Milk
483,"Turkey - Breast, Smoked"
484,Onion Powder
485,Chocolate Bar - Oh Henry
486,Sugar - White Packet
487,Sweet Pea Sprouts
488,"Mushroom - Enoki, Fresh"
489,Honey - Comb
490,"Beets - Candy Cane, Organic"
491,Sauce - Demi Glace
492,Appetizer - Veg Assortment
493,Cheese - Cottage Cheese
494,Vinegar - Balsamic
495,"Yogurt - Peach, 175 Gr"
496,Sprouts - Corn
497,"Turkey - Breast, Bone - In"
498,Samosa - Veg
499,Bread Bowl Plain
500,"Oranges - Navel, 72"
501,Vinegar - Raspberry
502,Chocolate - Compound Coating
503,"Shrimp - 16/20, Peeled Deviened"
504,Tuna - Salad Premix
505,Coffee - French Vanilla Frothy
506,Tahini Paste
507,Clams - Canned
508,Chocolate - Unsweetened
509,"Stock - Beef, Brown"
510,Cinnamon - Stick
511,Barley - Pearl
512,Mortadella
513,Ecolab Silver Fusion
514,Eggplant Italian
515,Sprouts - Pea
516,Crab - Meat Combo
517,Sage - Rubbed
518,Muskox - French Rack
519,Sage - Rubbed
520,Soup - Campbells Mushroom
521,Onions Granulated
522,Dried Cranberries
523,"Bread - Pullman, Sliced"
524,Ezy Change Mophandle
525,Water - Spring 1.5lit
526,Cake - Mini Potato Pancake
527,"Pork - Bacon, Double Smoked"
528,Chicken Thigh - Bone Out
529,Tea - Herbal Orange Spice
530,Rice - Sushi
531,"Asparagus - Green, Fresh"
532,"Juice - Pineapple, 341 Ml"
533,Soup Bowl Clear 8oz92008
534,Bananas
535,"Wine - Red, Colio Cabernet"
536,Ice Cream Bar - Hagen Daz
537,Beets - Mini Golden
538,Kale - Red
539,Soup Campbells Beef With Veg
540,Coffee - Dark Roast
541,Flower - Carnations
542,Cheese - Comte
543,Steampan - Lid For Half Size
544,Aspic - Clear
545,Tuna - Fresh
546,"Pork - Butt, Boneless"
547,Grapefruit - Pink
548,Coffee - Ristretto Coffee Capsule
549,Molasses - Fancy
550,Yoplait Drink
551,"Jam - Raspberry,jar"
552,Triple Sec - Mcguinness
553,Flour - Strong
554,"Potatoes - Instant, Mashed"
555,Flour - Bread
556,"Tart Shells - Savory, 2"
557,Melon - Cantaloupe
558,Soup Knorr Chili With Beans
559,Wine - Hardys Bankside Shiraz
560,Appetizer - Southwestern
561,Bread - Flat Bread
562,Calaloo
563,Pork Ham Prager
564,Ice Cream - Vanilla
565,Artichokes - Jerusalem
566,Yogurt - French Vanilla
567,Peach - Halves
568,Compound - Passion Fruit
569,Wine - Chianti Classica Docg
570,Ocean Spray - Kiwi Strawberry
571,Piping Jelly - All Colours
572,Parsley - Fresh
573,"Nut - Pecan, Pieces"
574,Tomato - Plum With Basil
575,"Pasta - Fusili, Dry"
576,Wine - Chianti Classico Riserva
577,Oil - Pumpkinseed
578,Wine - Gato Negro Cabernet
579,"Nut - Almond, Blanched, Ground"
580,Seedlings - Clamshell
581,Calypso - Pineapple Passion
582,Onion Powder
583,"Apple - Delicious, Red"
584,"Nut - Peanut, Roasted"
585,Straw - Regular
586,Gooseberry
587,Sobe - Orange Carrot
588,"Shrimp - Baby, Warm Water"
589,"Lamb - Leg, Boneless"
590,Bananas
591,Coriander - Ground
592,Glycerine
593,Squid - U 5
594,Truffle Paste
595,"Crab - Dungeness, Whole"
596,Dragon Fruit
597,"Soup - Knorr, Chicken Noodle"
598,Wine - White Cab Sauv.on
599,Duck - Fat
600,Tuna - Yellowfin
601,Veal - Bones
602,Cookie Chocolate Chip With
603,Apple - Fuji
604,Cotton Wet Mop 16 Oz
605,Island Oasis - Raspberry
606,Jameson - Irish Whiskey
607,"Veal - Insides, Grains"
608,Oil - Macadamia
609,Bread Base - Italian
610,Veal - Slab Bacon
611,Plasticforkblack
612,"Soup - Campbells, Beef Barley"
613,Wine - Hardys Bankside Shiraz
614,Truffle Cups Green
615,Isomalt
616,Cape Capensis - Fillet
617,Juice - Ocean Spray Kiwi
618,Lid - 16 Oz And 32 Oz
619,Cloves - Ground
620,"Champagne - Brights, Dry"
621,Truffle - Whole Black Peeled
622,Blouse / Shirt / Sweater
623,Propel Sport Drink
624,Amaretto
625,Potatoes - Yukon Gold 5 Oz
626,Slt - Individual Portions
627,Ice Cream - Vanilla
628,Beer - Steamwhistle
629,Bar Energy Chocchip
630,Cheese - Ermite Bleu
631,"Coconut - Creamed, Pure"
632,Lighter - Bbq
633,Mint - Fresh
634,Truffle Cups - White Paper
635,Soup - Campbells Tomato Ravioli
636,Cheese - Le Cheve Noir
637,"Brandy - Orange, Mc Guiness"
638,"Quail - Eggs, Fresh"
639,Grapes - Red
640,Water - San Pellegrino
641,"Mushroom - Oyster, Fresh"
642,Sausage - Meat
643,Onions - Red Pearl
644,"Lamb - Leg, Diced"
645,Asparagus - Mexican
646,Brandy Apricot
647,Halibut - Fletches
648,"Brownies - Two Bite, Chocolate"
649,Leeks - Large
650,Wine - Rhine Riesling Wolf Blass
651,Tuna - Bluefin
652,Onions - Spanish
653,Soup Campbells - Italian Wedding
654,Flour - Masa De Harina Mexican
655,Triple Sec - Mcguinness
656,Extract Vanilla Pure
657,Glaze - Apricot
658,Cookies - Assorted
659,Pork - Smoked Kassler
660,"Tart Shells - Barquettes, Savory"
661,"Bread - Roll, Italian"
662,"Wine - White, Ej"
663,Pur Source
664,Cream - 18%
665,"Soup - Campbells, Spinach Crm"
666,Cookies - Fortune
667,Carbonated Water - Lemon Lime
668,Onion Powder
669,"Veal - Brisket, Provimi,bnls"
670,"Salt - Rock, Course"
671,Bread - Multigrain Oval
672,Soup - Campbells Mac N Cheese
673,"Soup - Campbells, Cream Of"
674,Plasticforkblack
675,"Wine - White, Schroder And Schyl"
676,Potatoes - Idaho 100 Count
677,"Cheese - Cheddar, Old White"
678,Basil - Fresh
679,Bread - Flat Bread
680,Pate - Peppercorn
681,"Yogurt - Banana, 175 Gr"
682,"Bag - Bread, White, Plain"
683,"Capon - Breast, Double, Wing On"
684,Juice - Ocean Spray Kiwi
685,Scallops - U - 10
686,"Beans - Turtle, Black, Dry"
687,Liners - Baking Cups
688,"Thyme - Lemon, Fresh"
689,Sauce - Mint
690,"Lamb - Pieces, Diced"
691,Milk 2% 500 Ml
692,Butter Balls Salted
693,Sauce - Fish 25 Ozf Bottle
694,Tuna - Salad Premix
695,Extract - Lemon
696,Parsnip
697,Chicken Thigh - Bone Out
698,Pail With Metal Handle 16l White
699,Cheese - Brie
700,Bread Base - Goodhearth
701,"Jam - Raspberry,jar"
702,"Chicken - Thigh, Bone In"
703,Sponge Cake Mix - Vanilla
704,Capon - Whole
705,Cake - Box Window 10x10x2.5
706,Cleaner - Pine Sol
707,Sardines
708,Shallots
709,"Bread - Bagels, Plain"
710,Glass Clear 7 Oz Xl
711,Cheese - Victor Et Berthold
712,"Pork - Bacon, Double Smoked"
713,Crawfish
714,Wine - Crozes Hermitage E.
715,Tea - Honey Green Tea
716,"Pasta - Orzo, Dry"
717,Sauce Tomato Pouch
718,Soup - Campbells Mushroom
719,Shichimi Togarashi Peppeers
720,"Halibut - Whole, Fresh"
721,Bread - Olive Dinner Roll
722,Tarts Assorted
723,Turnip - Mini
724,Pear - Halves
725,Blueberries
726,Lemon Pepper
727,"Stock - Veal, White"
728,Plasticforkblack
729,Sauce - Rosee
730,"Stock - Chicken, White"
731,Flour Dark Rye
732,Coffee - Espresso
733,Puree - Passion Fruit
734,Soup - Tomato Mush. Florentine
735,Cocoa Powder - Natural
736,Guinea Fowl
737,"Dill - Primerba, Paste"
738,Trout Rainbow Whole
739,Container - Hngd Cll Blk 7x7x3
740,Nantucket Pine Orangebanana
741,Sage - Fresh
742,Rice - Jasmine Sented
743,Whmis - Spray Bottle Trigger
744,Compound - Passion Fruit
745,Tea - Grapefruit Green Tea
746,"Chicken - Leg, Boneless"
747,Bacardi Breezer - Tropical
748,Sage - Ground
749,Lamb - Ground
750,Chinese Foods - Thick Noodles
751,"Beef - Bones, Marrow"
752,"Flour - Buckwheat, Dark"
753,Rappini - Andy Boy
754,Scrubbie - Scotchbrite Hand Pad
755,Swordfish Loin Portions
756,Beer - Blue
757,"Wine - Red, Marechal Foch"
758,Wasabi Paste
759,Coriander - Seed
760,Bread - Raisin Walnut Oval
761,Cookies Oatmeal Raisin
762,Kiwi
763,"Veal - Shank, Pieces"
764,Beef - Short Ribs
765,"Corn - Cream, Canned"
766,Lettuce - Green Leaf
767,Tea - Black Currant
768,Bread - Kimel Stick Poly
769,Milk - 2% 250 Ml
770,Smoked Tongue
771,Bread - Sour Batard
772,Spring Roll Wrappers
773,Sauce Tomato Pouch
774,"Doilies - 8, Paper"
775,"Cookies - Oreo, 4 Pack"
776,"Lamb - Whole Head Off,nz"
777,Cheese - Pied De Vents
778,Pastry - Trippleberry Muffin - Mini
779,Beef - Tenderloin - Aa
780,Cranberry Foccacia
781,"Coconut - Shredded, Unsweet"
782,Pepper - Red Thai
783,"Wine - Saint - Bris 2002, Sauv"
784,Coconut Milk - Unsweetened
785,"Melon - Watermelon, Seedless"
786,"Beef - Bones, Marrow"
787,Spring Roll Veg Mini
788,Coffee Beans - Chocolate
789,Tea - Apple Green Tea
790,Nantucket Cranberry Juice
791,"Lamb - Leg, Diced"
792,Honey - Comb
793,"Thyme - Lemon, Fresh"
794,Bread - Calabrese Baguette
795,Arizona - Plum Green Tea
796,"Coconut - Creamed, Pure"
797,Appetizer - Mushroom Tart
798,Veal - Heart
799,Bagel - Whole White Sesame
800,"Soup - Campbells, Creamy"
801,Beef - Texas Style Burger
802,Cookies - Assorted
803,Dome Lid Clear P92008h
804,"Cheese - Romano, Grated"
805,Soup - Base Broth Beef
806,Laundry - Bag Cloth
807,Sauce - Thousand Island
808,Chinese Foods - Chicken Wing
809,Alize Gold Passion
810,"Shrimp - 21/25, Peel And Deviened"
811,"Beef - Rib Roast, Cap On"
812,Crackers - Soda / Saltins
813,"Bread - Pullman, Sliced"
814,Snapple - Mango Maddness
815,Muffin Mix - Blueberry
816,Island Oasis - Magarita Mix
817,"Nut - Almond, Blanched, Sliced"
818,Wine - Barolo Fontanafredda
819,"Halibut - Whole, Fresh"
820,Temperature Recording Station
821,Wine - Chardonnay Mondavi
822,Remy Red
823,Sauce - Salsa
824,Foam Espresso Cup Plain White
825,Urban Zen Drinks
826,Bread Base - Italian
827,Berry Brulee
828,Bread - Raisin Walnut Oval
829,Chicken Breast Halal
830,"Brownies - Two Bite, Chocolate"
831,Pepper - Chili Powder
832,"Tuna - Canned, Flaked, Light"
833,"Fish - Artic Char, Cold Smoked"
834,"Nut - Pecan, Halves"
835,Longos - Chicken Wings
836,"Doilies - 7, Paper"
837,Nectarines
838,Blueberries - Frozen
839,Soup - Cream Of Broccoli
840,Tea - English Breakfast
841,Broccoli - Fresh
842,Cinnamon Buns Sticky
843,Tomatoes Tear Drop
844,Mousse - Passion Fruit
845,Garlic Powder
846,Halibut - Fletches
847,Bagels Poppyseed
848,"Yogurt - Banana, 175 Gr"
849,Nantuket Peach Orange
850,Quinoa
851,Isomalt
852,Zucchini - Yellow
853,Capicola - Hot
854,Creme De Cacao White
855,Lemon Balm - Fresh
856,"Cake Circle, Paprus"
857,"Veal - Inside Round / Top, Lean"
858,Fruit Salad Deluxe
859,Tea - Lemon Green Tea
860,Contreau
861,"Wine - Magnotta, White"
862,"Cheese - Cheddar, Old White"
863,Mace
864,Beer - True North Strong Ale
865,Bols Melon Liqueur
866,Bread - Burger
867,"Soup - Knorr, Chicken Noodle"
868,Sauce - Balsamic Viniagrette
869,Vinegar - Balsamic
870,Pear - Asian
871,Nantucket - Pomegranate Pear
872,"Carrots - Mini, Stem On"
873,Pie Pecan
874,The Pop Shoppe - Lime Rickey
875,"Stock - Chicken, White"
876,Icecream - Dstk Cml And Fdg
877,"Wine - White, French Cross"
878,Lidsoupcont Rp12dn
879,Nantucket Cranberry Juice
880,Straws - Cocktale
881,Oven Mitts 17 Inch
882,"Rum - Dark, Bacardi, Black"
883,Steam Pan - Half Size Deep
884,Macaroons - Two Bite Choc
885,Garbage Bags - Clear
886,Muffin - Bran Ind Wrpd
887,"Pork - Butt, Boneless"
888,Pepper - Chilli Seeds Mild
889,Parsley - Dried
890,Fennel - Seeds
891,Wine - Remy Pannier Rose
892,Lamb - Sausage Casings
893,"Juice - Clam, 46 Oz"
894,Blouse / Shirt / Sweater
895,"Tomatoes - Vine Ripe, Yellow"
896,Pepper - Yellow Bell
897,Chocolate - Mi - Amere Semi
898,Soup V8 Roasted Red Pepper
899,Bread - Bistro Sour
900,Lamb Rack - Ontario
901,Bread - Bistro White
902,Pork - Smoked Back Bacon
903,Broom - Corn
904,Wine - Vovray Sec Domaine Huet
905,Garlic Powder
906,Bagels Poppyseed
907,Vinegar - Red Wine
908,Coffee Beans - Chocolate
909,"Bread - Sticks, Thin, Plain"
910,Bread - Crusty Italian Poly
911,Watercress
912,"Pasta - Tortellini, Fresh"
913,Syrup - Kahlua Chocolate
914,Bacon Strip Precooked
915,Liquid Aminios Acid - Braggs
916,Oil - Sesame
917,"Bread - Pumpernickle, Rounds"
918,Watercress
919,"Mushroom - Chanterelle, Dry"
920,"Wine - Sherry Dry Sack, William"
921,"Sauce - Gravy, Au Jus, Mix"
922,Rice - Long Grain
923,Beer - True North Lager
924,Crab - Meat Combo
925,Assorted Desserts
926,Beef - Prime Rib Aaa
927,Island Oasis - Peach Daiquiri
928,"Tortillas - Flour, 8"
929,Wine - Cave Springs Dry Riesling
930,"Pasta - Gnocchi, Potato"
931,Orange - Tangerine
932,Garlic - Peeled
933,Shrimp - Black Tiger 26/30
934,Tomatoes Tear Drop
935,Mint - Fresh
936,Sobe - Berry Energy
937,Chips Potato All Dressed - 43g
938,Rice Wine - Aji Mirin
939,Salt - Seasoned
940,"Beans - Black Bean, Preserved"
941,Tomato Puree
942,Banana - Leaves
943,Ecolab - Solid Fusion
944,"Bread - Sticks, Thin, Plain"
945,Cocktail Napkin Blue
946,Lettuce - Radicchio
947,Truffle Cups Green
948,Ecolab Digiclean Mild Fm
949,Chips Potato Swt Chilli Sour
950,Corn - Mini
951,Wine - Riesling Dr. Pauly
952,Wine - Ice Wine
953,Rum - Mount Gay Eclipes
954,Wine - Maipo Valle Cabernet
955,"Clams - Littleneck, Whole"
956,"Doilies - 8, Paper"
957,"Juice - Pineapple, 341 Ml"
958,Bagel - Everything Presliced
959,Soap - Pine Sol Floor Cleaner
960,Beer - Sleeman Fine Porter
961,Veal - Ground
962,Bread - Rye
963,Nantuket Peach Orange
964,Hog / Sausage Casing - Pork
965,Beef Striploin Aaa
966,Pepper - Orange
967,Lid Tray - 16in Dome
968,Nantucket - Carrot Orange
969,French Pastry - Mini Chocolate
970,Veal - Insides Provini
971,Chips Potato Swt Chilli Sour
972,Wine - Chenin Blanc K.w.v.
973,Flower - Dish Garden
974,Squid - Tubes / Tenticles 10/20
975,Cinnamon - Stick
976,Pancetta
977,Wine - Valpolicella Masi
978,Pumpkin - Seed
979,Mushrooms - Honey
980,Wine - Shiraz Wolf Blass Premium
981,Muffin Batt - Blueberry Passion
982,Seedlings - Clamshell
983,Cut Wakame - Hanawakaba
984,Saskatoon Berries - Frozen
985,Mountain Dew
986,White Fish - Filets
987,Cake - French Pear Tart
988,Butter Ripple - Phillips
989,Wine - Chateau Bonnet
990,"Pasta - Cappellini, Dry"
991,Sauce - Demi Glace
992,Wine - Soave Folonari
993,Swiss Chard - Red
994,Potatoes - Peeled
995,Cabbage - Nappa
996,Wine - Beringer Founders Estate
997,Juice - Apple 284ml
998,Egg Patty Fried
999,"Beans - Turtle, Black, Dry"
1000,"Marsala - Sperone, Fine, D.o.c."
