ProjectNo,ProjectData
1,Daltfresh
2,Temp
3,Zathin
4,Regrant
5,Zontrax
6,Zamit
7,Alphazap
8,Redhold
9,Asoka
10,Opela
11,Wrapsafe
12,Konklux
13,Konklab
14,Tres-Zap
15,Voyatouch
16,Cardguard
17,Zaam-Dox
18,Bamity
19,Lotstring
20,Job
21,Alphazap
22,Duobam
23,Toughjoyfax
24,Ventosanzap
25,Lotlux
26,Zaam-Dox
27,Alpha
28,Lotlux
29,Otcom
30,Daltfresh
31,Y-Solowarm
32,Wrapsafe
33,Keylex
34,Toughjoyfax
35,Bamity
36,Alpha
37,Zaam-Dox
38,Job
39,Andalax
40,Konklab
41,Overhold
42,Cardify
43,Sonair
44,Prodder
45,Tresom
46,Stringtough
47,Cookley
48,Tampflex
49,Tin
50,Konklab
51,Andalax
52,Stim
53,Wrapsafe
54,Bitchip
55,Latlux
56,Aerified
57,Temp
58,Stronghold
59,Zoolab
60,Stronghold
61,Ventosanzap
62,Bitchip
63,Regrant
64,Treeflex
65,Bytecard
66,Bigtax
67,Konklab
68,Sub-Ex
69,Redhold
70,Cardify
71,Biodex
72,Konklab
73,Zontrax
74,Zathin
75,Otcom
76,Bigtax
77,Voltsillam
78,Opela
79,Greenlam
80,Latlux
81,Otcom
82,Hatity
83,Regrant
84,Tres-Zap
85,Sonair
86,Regrant
87,Alphazap
88,Vagram
89,Daltfresh
90,Tempsoft
91,Y-find
92,Keylex
93,Greenlam
94,Mat Lam Tam
95,Stronghold
96,Daltfresh
97,Solarbreeze
98,Temp
99,Andalax
100,Matsoft
101,Pannier
102,Voltsillam
103,Toughjoyfax
104,Fix San
105,Gembucket
106,Pannier
107,Subin
108,Zathin
109,Ventosanzap
110,Asoka
111,Latlux
112,Mat Lam Tam
113,Temp
114,Daltfresh
115,Regrant
116,Treeflex
117,Alphazap
118,Voyatouch
119,Rank
120,Zamit
121,Gembucket
122,Quo Lux
123,Prodder
124,Fixflex
125,Otcom
126,Keylex
127,Matsoft
128,Asoka
129,Toughjoyfax
130,Stronghold
131,Cardguard
132,Biodex
133,Quo Lux
134,Solarbreeze
135,Aerified
136,Alpha
137,Alpha
138,Andalax
139,Greenlam
140,Temp
141,Stringtough
142,Biodex
143,Duobam
144,Pannier
145,Home Ing
146,Y-find
147,Bamity
148,Konklab
149,Redhold
150,Prodder
151,Subin
152,Span
153,Greenlam
154,Cardguard
155,Konklux
156,Subin
157,Toughjoyfax
158,Overhold
159,Opela
160,Vagram
161,Lotlux
162,Transcof
163,Konklab
164,Alphazap
165,Subin
166,Tresom
167,Domainer
168,Cardguard
169,Mat Lam Tam
170,Trippledex
171,Quo Lux
172,Alphazap
173,Bitchip
174,It
175,Bamity
176,Prodder
177,Cookley
178,Bamity
179,Voyatouch
180,Zaam-Dox
181,Span
182,Stim
183,Stringtough
184,Sub-Ex
185,Home Ing
186,Quo Lux
187,Ventosanzap
188,Flowdesk
189,Aerified
190,Bitwolf
191,Span
192,Prodder
193,Regrant
194,Sonsing
195,Zaam-Dox
196,Y-Solowarm
197,Treeflex
198,Domainer
199,Tempsoft
200,Biodex
201,Span
202,Ronstring
203,Vagram
204,Rank
205,Alpha
206,Cookley
207,Alpha
208,Veribet
209,Veribet
210,Stringtough
211,Biodex
212,Latlux
213,Duobam
214,Viva
215,Bitwolf
216,Biodex
217,Regrant
218,Prodder
219,Wrapsafe
220,Sub-Ex
221,Biodex
222,Bamity
223,Flowdesk
224,Aerified
225,Aerified
226,Tempsoft
227,Flexidy
228,Sonsing
229,Keylex
230,Cardify
231,Hatity
232,Lotlux
233,Holdlamis
234,Tresom
235,Ronstring
236,Voltsillam
237,Treeflex
238,Latlux
239,Domainer
240,Ronstring
241,Bitchip
242,Voltsillam
243,Transcof
244,Span
245,Temp
246,Asoka
247,Kanlam
248,Pannier
249,Alphazap
250,Bitchip
251,Lotstring
252,Mat Lam Tam
253,Duobam
254,Fixflex
255,Cardify
256,Veribet
257,Biodex
258,Konklux
259,Gembucket
260,Pannier
261,Aerified
262,Mat Lam Tam
263,Quo Lux
264,It
265,Zamit
266,Bitchip
267,Bytecard
268,Stringtough
269,Zontrax
270,Flexidy
271,Fintone
272,Sonsing
273,Fix San
274,Temp
275,Ronstring
276,Cookley
277,Aerified
278,Latlux
279,Zontrax
280,Y-Solowarm
281,Asoka
282,Lotlux
283,Prodder
284,Viva
285,Kanlam
286,Ventosanzap
287,Konklab
288,Domainer
289,Kanlam
290,Transcof
291,Voltsillam
292,Gembucket
293,Tampflex
294,Alpha
295,Tin
296,Y-find
297,Bytecard
298,Tin
299,Stronghold
300,Opela
301,Cookley
302,Alpha
303,Ronstring
304,Voltsillam
305,Rank
306,Keylex
307,Latlux
308,Duobam
309,Rank
310,Sonsing
311,Holdlamis
312,Stringtough
313,Stronghold
314,Bytecard
315,Tampflex
316,Job
317,Prodder
318,Y-find
319,Alphazap
320,Matsoft
321,Stim
322,Toughjoyfax
323,Fintone
324,Solarbreeze
325,Konklab
326,Tresom
327,Domainer
328,Zamit
329,Zoolab
330,Solarbreeze
331,Stringtough
332,Zamit
333,Trippledex
334,Home Ing
335,Bamity
336,Zaam-Dox
337,Stringtough
338,Sonsing
339,Biodex
340,Cardify
341,Stronghold
342,Kanlam
343,Transcof
344,Sub-Ex
345,Cookley
346,Vagram
347,Zoolab
348,Veribet
349,Daltfresh
350,Hatity
351,Cookley
352,Andalax
353,Pannier
354,Stronghold
355,Zoolab
356,Viva
357,Toughjoyfax
358,Transcof
359,Cardify
360,Sonair
361,Bitwolf
362,Matsoft
363,Daltfresh
364,Kanlam
365,Bitchip
366,Solarbreeze
367,Alpha
368,Zoolab
369,Bytecard
370,Gembucket
371,Bamity
372,Redhold
373,Hatity
374,Cookley
375,Solarbreeze
376,Kanlam
377,Voltsillam
378,Wrapsafe
379,Alpha
380,Bamity
381,Ventosanzap
382,Konklab
383,Redhold
384,Tresom
385,Cookley
386,Ronstring
387,Tampflex
388,Lotstring
389,Kanlam
390,Transcof
391,Tres-Zap
392,Alphazap
393,Alpha
394,Voyatouch
395,Sonsing
396,Overhold
397,Mat Lam Tam
398,Zamit
399,Span
400,Y-Solowarm
401,Sonsing
402,Matsoft
403,Ronstring
404,Transcof
405,Lotlux
406,Veribet
407,Bitwolf
408,It
409,Prodder
410,Bitchip
411,Asoka
412,Daltfresh
413,Fixflex
414,Stringtough
415,Otcom
416,Regrant
417,Prodder
418,Zoolab
419,Overhold
420,Asoka
421,Otcom
422,Lotstring
423,Cardify
424,Bamity
425,Vagram
426,Domainer
427,Zontrax
428,Veribet
429,Lotlux
430,Y-Solowarm
431,Opela
432,Tin
433,It
434,Andalax
435,Greenlam
436,Y-find
437,Bamity
438,Subin
439,Toughjoyfax
440,Konklux
441,Zamit
442,Cardify
443,Toughjoyfax
444,Tres-Zap
445,Sonair
446,Tampflex
447,Stim
448,Tin
449,Zathin
450,Tempsoft
451,Voyatouch
452,Sonair
453,Transcof
454,Y-Solowarm
455,Otcom
456,Zontrax
457,Stronghold
458,Pannier
459,Y-Solowarm
460,Konklux
461,Transcof
462,Andalax
463,Biodex
464,Zamit
465,Sub-Ex
466,Voyatouch
467,Ventosanzap
468,Tampflex
469,Lotstring
470,Vagram
471,Duobam
472,Sub-Ex
473,Andalax
474,Trippledex
475,Stronghold
476,Zaam-Dox
477,Span
478,Temp
479,Aerified
480,Fixflex
481,Rank
482,It
483,Stim
484,Job
485,Pannier
486,Cardguard
487,Konklab
488,Cookley
489,Overhold
490,Trippledex
491,Y-find
492,Mat Lam Tam
493,Stim
494,Andalax
495,Latlux
496,Vagram
497,Toughjoyfax
498,Fix San
499,Flowdesk
500,Aerified
501,Viva
502,Rank
503,Matsoft
504,Flowdesk
505,Quo Lux
506,Sonsing
507,Cookley
508,Treeflex
509,Stringtough
510,Hatity
511,Alpha
512,Bitchip
513,Tampflex
514,Solarbreeze
515,Bigtax
516,Lotstring
517,Zaam-Dox
518,Fix San
519,Voltsillam
520,Tresom
521,Bytecard
522,Hatity
523,Stringtough
524,Andalax
525,Voltsillam
526,Viva
527,Flexidy
528,Opela
529,Solarbreeze
530,Flexidy
531,Wrapsafe
532,Bytecard
533,Zoolab
534,Cardguard
535,Gembucket
536,Matsoft
537,Tin
538,Konklux
539,Pannier
540,Daltfresh
541,Stringtough
542,Daltfresh
543,Stringtough
544,Namfix
545,Veribet
546,Hatity
547,Trippledex
548,Fixflex
549,Y-find
550,Zamit
551,Sonsing
552,Lotlux
553,Bitchip
554,Stronghold
555,Bigtax
556,Zathin
557,Keylex
558,Fix San
559,Regrant
560,Voltsillam
561,Konklux
562,Andalax
563,Zathin
564,It
565,Zamit
566,Rank
567,Aerified
568,Rank
569,Y-find
570,Konklab
571,Zoolab
572,Treeflex
573,Bitwolf
574,Namfix
575,Temp
576,Job
577,Ronstring
578,Aerified
579,Asoka
580,Zontrax
581,Transcof
582,Stringtough
583,Fixflex
584,Viva
585,Hatity
586,Lotlux
587,Fixflex
588,Quo Lux
589,Zamit
590,Y-find
591,Zamit
592,Tresom
593,Keylex
594,Hatity
595,Duobam
596,Bamity
597,Zoolab
598,Matsoft
599,Andalax
600,Stim
601,Wrapsafe
602,Flowdesk
603,Treeflex
604,Transcof
605,Cookley
606,Temp
607,Solarbreeze
608,Matsoft
609,Rank
610,Tampflex
611,Biodex
612,Matsoft
613,Treeflex
614,Rank
615,Holdlamis
616,Cookley
617,Hatity
618,Temp
619,Transcof
620,Sub-Ex
621,Prodder
622,Konklab
623,Duobam
624,Andalax
625,It
626,Zoolab
627,Transcof
628,Gembucket
629,Tresom
630,Solarbreeze
631,Biodex
632,Lotstring
633,Zontrax
634,Tres-Zap
635,Regrant
636,Gembucket
637,Tres-Zap
638,Konklux
639,Tin
640,Bamity
641,Lotstring
642,Alpha
643,Fixflex
644,Temp
645,Gembucket
646,Tres-Zap
647,Alpha
648,Treeflex
649,Stronghold
650,Stronghold
651,Gembucket
652,Keylex
653,Tin
654,Vagram
655,Bigtax
656,Rank
657,Span
658,Viva
659,Sonair
660,Stringtough
661,Quo Lux
662,Lotstring
663,Subin
664,Bitchip
665,Y-find
666,Flowdesk
667,Stim
668,Bitchip
669,Fixflex
670,Hatity
671,Subin
672,Stim
673,Flowdesk
674,Opela
675,Wrapsafe
676,Y-find
677,Prodder
678,Alphazap
679,Transcof
680,Prodder
681,Trippledex
682,Zaam-Dox
683,Greenlam
684,Cookley
685,Lotstring
686,Quo Lux
687,Y-find
688,Gembucket
689,Biodex
690,Sub-Ex
691,Subin
692,Y-Solowarm
693,Solarbreeze
694,Matsoft
695,Voltsillam
696,Holdlamis
697,Matsoft
698,Y-Solowarm
699,Namfix
700,Sub-Ex
701,Cardify
702,Voltsillam
703,Temp
704,Job
705,Vagram
706,Wrapsafe
707,Y-Solowarm
708,Biodex
709,Zontrax
710,Biodex
711,Stringtough
712,Treeflex
713,Solarbreeze
714,Rank
715,Holdlamis
716,Veribet
717,Stronghold
718,Tresom
719,Wrapsafe
720,Y-find
721,Zaam-Dox
722,Job
723,Sonsing
724,Viva
725,Duobam
726,Bamity
727,Regrant
728,Tampflex
729,Sub-Ex
730,Andalax
731,Zathin
732,Job
733,Tempsoft
734,Stringtough
735,Zontrax
736,Tempsoft
737,Quo Lux
738,Lotstring
739,Zathin
740,Sonair
741,Namfix
742,Voltsillam
743,Ventosanzap
744,Stronghold
745,Bigtax
746,Daltfresh
747,Sonair
748,Y-Solowarm
749,Keylex
750,Y-find
751,Kanlam
752,Quo Lux
753,Alpha
754,Flexidy
755,Tresom
756,Konklux
757,Tresom
758,Bitwolf
759,Y-find
760,Viva
761,Bamity
762,Subin
763,Ronstring
764,Rank
765,Lotlux
766,Bamity
767,Sonsing
768,Matsoft
769,Mat Lam Tam
770,Toughjoyfax
771,Cardguard
772,Flowdesk
773,Voltsillam
774,Alphazap
775,Rank
776,Asoka
777,Opela
778,Bitwolf
779,Ronstring
780,Stronghold
781,Biodex
782,Home Ing
783,Bytecard
784,Tempsoft
785,Treeflex
786,Temp
787,Veribet
788,Biodex
789,Subin
790,Fixflex
791,Fixflex
792,Zaam-Dox
793,Lotstring
794,Ventosanzap
795,Flexidy
796,Stim
797,Stim
798,Fixflex
799,Zathin
800,Otcom
801,Lotlux
802,Flowdesk
803,Wrapsafe
804,Ventosanzap
805,Sonair
806,Lotlux
807,Bytecard
808,Cardify
809,Matsoft
810,Bitwolf
811,Lotstring
812,Voltsillam
813,Job
814,Ventosanzap
815,Bytecard
816,Matsoft
817,Cookley
818,Zaam-Dox
819,Regrant
820,Opela
821,Sub-Ex
822,Zoolab
823,Bitchip
824,Bitchip
825,Otcom
826,Bigtax
827,Konklab
828,Regrant
829,Hatity
830,Flexidy
831,Sonsing
832,Redhold
833,Voyatouch
834,Home Ing
835,Tin
836,Voltsillam
837,Keylex
838,Daltfresh
839,Cardify
840,Bigtax
841,Zontrax
842,Vagram
843,Fixflex
844,Lotlux
845,Voyatouch
846,Voltsillam
847,Flexidy
848,Gembucket
849,Rank
850,Veribet
851,Ventosanzap
852,Cardguard
853,Sub-Ex
854,Daltfresh
855,Zaam-Dox
856,Duobam
857,Voyatouch
858,Tampflex
859,Tin
860,Lotlux
861,Bitchip
862,Y-Solowarm
863,Cookley
864,Viva
865,Mat Lam Tam
866,Opela
867,Stronghold
868,Fix San
869,Tempsoft
870,Bitchip
871,Ventosanzap
872,Kanlam
873,Asoka
874,Asoka
875,Holdlamis
876,Fintone
877,Tresom
878,Zoolab
879,Stronghold
880,Cookley
881,Gembucket
882,Sonair
883,Transcof
884,Tresom
885,Tempsoft
886,Zoolab
887,Zoolab
888,Aerified
889,Zoolab
890,Voltsillam
891,Asoka
892,Sonsing
893,Biodex
894,Sonsing
895,Veribet
896,Vagram
897,Redhold
898,Gembucket
899,Quo Lux
900,Cardguard
901,Lotlux
902,Bitchip
903,Stringtough
904,Fix San
905,Namfix
906,Alphazap
907,Solarbreeze
908,Tempsoft
909,Cardguard
910,Asoka
911,Opela
912,Zontrax
913,Regrant
914,Sonair
915,Solarbreeze
916,Voyatouch
917,Alpha
918,Treeflex
919,Holdlamis
920,Fix San
921,Job
922,Rank
923,Voyatouch
924,Keylex
925,Latlux
926,Tresom
927,Trippledex
928,Redhold
929,Transcof
930,Prodder
931,Alphazap
932,Tampflex
933,Wrapsafe
934,Mat Lam Tam
935,Tresom
936,Temp
937,Regrant
938,Bigtax
939,Voltsillam
940,Tresom
941,Holdlamis
942,Tin
943,Overhold
944,Holdlamis
945,Zamit
946,Regrant
947,Mat Lam Tam
948,Stronghold
949,Flexidy
950,Zontrax
951,Mat Lam Tam
952,Asoka
953,Y-Solowarm
954,Ronstring
955,Lotlux
956,Quo Lux
957,Zoolab
958,Holdlamis
959,Latlux
960,Fixflex
961,Fintone
962,Aerified
963,Zontrax
964,Matsoft
965,Konklux
966,Ventosanzap
967,Overhold
968,Keylex
969,Zaam-Dox
970,Sonair
971,Tampflex
972,Bitwolf
973,Konklab
974,Zoolab
975,Transcof
976,Fix San
977,Voyatouch
978,Y-Solowarm
979,Pannier
980,Zaam-Dox
981,Bytecard
982,Cardguard
983,Otcom
984,Fintone
985,Subin
986,Zaam-Dox
987,Y-find
988,Solarbreeze
989,Viva
990,Pannier
991,Flowdesk
992,Lotstring
993,Y-find
994,Bitwolf
995,Cardguard
996,Home Ing
997,Otcom
998,Tin
999,Sonair
1000,Tresom
