SupplierNo,SupplierName,SuplierAddress
1,Twitterbridge,1534 Waxwing Parkway
2,Katz,23 Clyde Gallagher Street
3,Abatz,0999 Cherokee Junction
4,Rhynyx,8 Crescent Oaks Place
5,Jayo,51 Iowa Park
6,Skyndu,6 Artisan Trail
7,Jaxworks,79 Dunning Court
8,Edgeblab,8887 Talmadge Way
9,Thoughtbridge,2298 Melrose Street
10,Dabshots,80063 Dexter Plaza
11,Twitterlist,665 Tennyson Pass
12,Kaymbo,3584 Summerview Road
13,Vidoo,30 Graceland Alley
14,Feedspan,70 Longview Junction
15,Aibox,088 Gina Hill
16,Kaymbo,72969 Fulton Drive
17,Zoomdog,32 Haas Avenue
18,Jazzy,524 Bellgrove Court
19,Jayo,188 Mayfield Park
20,Blogpad,2 6th Park
21,Gabspot,097 Jenifer Hill
22,Youfeed,3650 Dryden Drive
23,Plambee,80 Coolidge Drive
24,Kazu,09362 Merchant Pass
25,Photobug,5495 Boyd Center
26,Flashset,4 1st Park
27,Wikivu,4465 Lien Way
28,Tagcat,1460 Monica Plaza
29,Buzzster,8 Clemons Trail
30,Oyondu,9614 Doe Crossing Parkway
31,Quimm,02 Mallory Court
32,Yakijo,9 Merry Hill
33,Viva,6474 Jackson Crossing
34,Jamia,1 Melrose Alley
35,Meedoo,15 Elka Crossing
36,DabZ,9099 Carpenter Junction
37,Fivechat,44 Amoth Drive
38,Dabjam,39545 Myrtle Road
39,Feedfire,60 Hooker Hill
40,Ozu,51 Straubel Trail
41,Npath,19250 Arrowood Road
42,Yabox,834 Kropf Terrace
43,Tekfly,60001 Dawn Crossing
44,Gabcube,130 6th Parkway
45,Vipe,482 Lotheville Center
46,Thoughtmix,0 Buell Way
47,Oyope,980 Charing Cross Court
48,Shufflester,6 Bowman Junction
49,Youtags,3 Fisk Court
50,Dynabox,20454 Swallow Trail
51,Edgewire,873 Morrow Lane
52,Fivechat,2 Ruskin Trail
53,Omba,930 Havey Drive
54,Skyba,002 Mariners Cove Terrace
55,Skaboo,53084 Kenwood Point
56,Jazzy,49 Blue Bill Park Trail
57,Tavu,4130 Pond Terrace
58,Mymm,0 Canary Drive
59,JumpXS,7182 Bonner Court
60,Oodoo,8033 Clemons Way
61,Fivechat,8 Eggendart Circle
62,Quimm,22 Mcbride Plaza
63,Talane,750 Moulton Way
64,Vidoo,08 Kim Crossing
65,Skyvu,392 Hoard Drive
66,Zoomcast,73 Muir Center
67,Linklinks,4 Buell Plaza
68,Skilith,4000 Bowman Trail
69,Zoomcast,69 Summer Ridge Plaza
70,Gigaclub,737 Rigney Crossing
71,Browsetype,10483 Del Sol Center
72,Thoughtstorm,40338 Everett Circle
73,Kwilith,288 Prairieview Terrace
74,Skajo,3 Lerdahl Park
75,Livetube,0464 Hazelcrest Alley
76,Yozio,3 4th Junction
77,Tagfeed,5285 Birchwood Terrace
78,Oyonder,08 Erie Road
79,Babbleblab,55944 Kennedy Trail
80,Yacero,074 Doe Crossing Parkway
81,Zoomlounge,0 Ridgeview Crossing
82,Quamba,70 Buhler Park
83,Jabbersphere,0 Lawn Street
84,Voonte,28 Monterey Center
85,JumpXS,231 Fallview Circle
86,Quimm,2 Ridgeway Center
87,Photobug,863 Commercial Place
88,Browsedrive,7196 Ronald Regan Trail
89,Kwideo,9 Brentwood Court
90,Skivee,081 Northland Point
91,Skippad,049 Butterfield Drive
92,Cogibox,44045 Morning Point
93,Realcube,6507 Schiller Point
94,DabZ,16673 Becker Point
95,Fatz,143 Schlimgen Lane
96,Yakijo,9181 Mcguire Avenue
97,Vimbo,44169 Mccormick Alley
98,Yambee,8424 Sage Way
99,Ainyx,70 Mifflin Parkway
100,Zoonder,3 American Pass
101,Twiyo,297 Lakewood Gardens Court
102,Leenti,200 Bobwhite Trail
103,Bubbletube,91 Elgar Place
104,Oyoyo,944 Bartelt Plaza
105,Camimbo,98 Bartillon Court
106,Eare,7 Holmberg Avenue
107,Blognation,67 Dixon Trail
108,Snaptags,54 Basil Trail
109,Skidoo,468 Monica Way
110,Blogtags,605 Butterfield Lane
111,Aimbo,00 Melrose Drive
112,Realbuzz,405 Hintze Court
113,Latz,52 Hoepker Terrace
114,Ainyx,6 Arapahoe Circle
115,Rhynoodle,86 Delaware Plaza
116,Einti,244 Vahlen Center
117,Camido,3903 Arizona Alley
118,Wordtune,5217 Barnett Park
119,Meevee,72452 Pepper Wood Junction
120,Skipstorm,172 Commercial Hill
121,Skivee,39 Straubel Circle
122,Kwilith,9685 Coolidge Way
123,Blogtags,456 Nelson Way
124,Devpoint,931 Northwestern Center
125,Dynabox,0 Bluestem Trail
126,Yozio,5424 Buhler Terrace
127,Feedfish,972 Golf Center
128,Photolist,6 Sullivan Place
129,Brainverse,4 Fuller Circle
130,Tagchat,2 Graedel Road
131,Dabjam,426 Fordem Crossing
132,Oyoba,5481 Twin Pines Crossing
133,Youtags,46 Maple Wood Drive
134,Feednation,072 Acker Plaza
135,Plajo,75007 Gina Avenue
136,Kimia,96 American Pass
137,Gigabox,2854 Debra Center
138,Shufflebeat,8 Gulseth Center
139,Avamm,4361 Holy Cross Hill
140,Fivebridge,03788 Vahlen Place
141,Oloo,91229 Nevada Alley
142,Centizu,94 Burrows Court
143,Jaxworks,6957 Division Terrace
144,Devify,810 Heath Lane
145,Edgepulse,565 Porter Hill
146,Teklist,9447 Fairfield Place
147,Buzzbean,60318 Kingsford Drive
148,Ntags,85 Schlimgen Pass
149,Twitterlist,1 Ilene Trail
150,Voonix,39 Corben Way
151,Zoovu,6 Becker Avenue
152,Twinte,08338 Lyons Point
153,Vimbo,574 Granby Street
154,Kare,0650 Lake View Point
155,BlogXS,49 Crescent Oaks Court
156,Skajo,5 Grover Point
157,Photofeed,0 Bunting Plaza
158,Babbleblab,794 Schlimgen Terrace
159,Linklinks,87 Holmberg Way
160,Pixope,5918 Anderson Trail
161,Tagchat,79 Everett Junction
162,Divanoodle,4649 Laurel Point
163,Twinder,5 Forest Run Plaza
164,Tagchat,097 Kinsman Crossing
165,Photobug,1296 Bunting Point
166,Ooba,83 Corscot Alley
167,Devbug,9 Bluestem Point
168,Gevee,94 Northfield Park
169,Livepath,2952 Coolidge Court
170,Talane,930 Golf Pass
171,Trilia,0178 Dwight Street
172,Livetube,69 Anderson Court
173,Twitterbridge,27 Fisk Plaza
174,Thoughtblab,94 Aberg Junction
175,Skyndu,468 Hudson Crossing
176,Realfire,123 Scoville Court
177,Meezzy,24899 Jackson Center
178,Rhynoodle,26 Farwell Court
179,Feedspan,074 Bunting Pass
180,Quaxo,88473 Esker Street
181,Zoonoodle,8 Claremont Hill
182,Flashdog,182 Waubesa Avenue
183,Edgetag,52 Chinook Point
184,Mynte,05357 Sycamore Center
185,Jaxworks,8 Toban Court
186,Meetz,8 Vera Place
187,Mydo,9173 Boyd Junction
188,Flashpoint,877 Fair Oaks Junction
189,Shuffletag,78771 Grasskamp Street
190,Kwideo,3192 Lerdahl Point
191,Thoughtworks,78027 Carberry Avenue
192,Brainsphere,204 Nancy Point
193,Topiczoom,02 Miller Point
194,Thoughtblab,7789 Kensington Alley
195,Jabbertype,99 Barnett Junction
196,Realcube,96565 Brown Parkway
197,Vinder,807 New Castle Drive
198,Bubbletube,8569 Warbler Circle
199,Zoomcast,8626 Service Avenue
200,Tazz,402 Dovetail Hill
201,Cogilith,87660 Duke Plaza
202,Latz,62930 Crowley Way
203,Wikivu,81197 Harbort Lane
204,Abatz,0 Pearson Alley
205,Jabberstorm,4 Petterle Center
206,Blogtags,2828 Westport Crossing
207,Voonyx,11 Fuller Trail
208,Ainyx,35 Stoughton Plaza
209,Livetube,28654 Bunting Drive
210,Oloo,896 Sauthoff Plaza
211,Talane,6887 International Parkway
212,Izio,188 Becker Circle
213,Skyvu,0 Canary Center
214,Centizu,212 Stephen Park
215,Rhyloo,377 Hansons Alley
216,Zoomlounge,1 Cottonwood Alley
217,Divanoodle,42 Dayton Circle
218,Brightbean,561 Shasta Point
219,Rhybox,6 Meadow Ridge Parkway
220,Devpulse,7541 School Road
221,Wikido,052 Londonderry Pass
222,Ooba,35 Tennessee Center
223,Youopia,9936 Nova Center
224,Camido,56987 Kings Way
225,Tambee,758 Shasta Crossing
226,Ntag,9 Monica Way
227,Brightdog,5 Sage Hill
228,Skiba,06239 Helena Hill
229,Eazzy,12320 Mendota Alley
230,Jetwire,152 Arrowood Plaza
231,Devbug,6 Hallows Alley
232,Shufflebeat,0 Sheridan Circle
233,Gabtune,8550 Dayton Street
234,Gigabox,7 Eastwood Road
235,Tagcat,8 Shoshone Drive
236,Eimbee,10550 Blackbird Crossing
237,Fivechat,62624 Corben Terrace
238,Latz,387 Roth Place
239,Zoombox,20 Killdeer Avenue
240,Gabtune,735 Main Pass
241,Thoughtstorm,3 Mallory Circle
242,Linkbridge,08195 Steensland Place
243,Jabbersphere,30 Hauk Crossing
244,Tagchat,72 Victoria Place
245,Plambee,57012 Manufacturers Circle
246,Tekfly,59 Canary Parkway
247,Kaymbo,95696 Huxley Parkway
248,Eazzy,3253 Mariners Cove Hill
249,Tagopia,73 Holy Cross Way
250,Photospace,2549 Mendota Parkway
251,Rhynoodle,5 Buhler Avenue
252,Divanoodle,7512 New Castle Lane
253,Jabberbean,75033 Fuller Lane
254,Twinte,2213 Michigan Place
255,Photolist,98 Maple Plaza
256,Rhynoodle,77 Esch Park
257,Topicware,66719 New Castle Way
258,Thoughtbridge,1 Del Mar Plaza
259,Voonix,8669 Duke Center
260,Eimbee,26167 Cordelia Road
261,Abata,96922 Melrose Lane
262,Cogilith,16842 West Park
263,Eare,2 Thierer Junction
264,Zava,271 Muir Plaza
265,Divanoodle,2 Loeprich Place
266,Twitterbridge,280 Toban Terrace
267,Shufflester,93888 Sutteridge Park
268,Feedfire,192 Aberg Road
269,Twimm,47 Fisk Alley
270,Eabox,5 Mariners Cove Terrace
271,Innotype,8 Coleman Court
272,Fanoodle,475 Jay Parkway
273,Shufflester,7 Hermina Junction
274,Oodoo,220 Haas Terrace
275,Wikivu,45081 Moulton Court
276,LiveZ,6613 Anthes Alley
277,Jabbersphere,26516 Di Loreto Street
278,Buzzster,0376 Bunting Place
279,Zooxo,9 Northport Point
280,Jazzy,8341 Sunfield Road
281,Feedspan,874 Bunting Court
282,Ooba,22 Scott Lane
283,Izio,0 Westend Road
284,Ozu,921 Meadow Valley Plaza
285,Dabfeed,22886 School Trail
286,Tazz,65086 Homewood Court
287,Roombo,89553 Warner Drive
288,Myworks,69285 Blaine Pass
289,Browsezoom,593 Prairie Rose Way
290,Aimbu,46278 Fieldstone Circle
291,Layo,83 Ramsey Plaza
292,Geba,50 Sachtjen Park
293,Yadel,7866 Johnson Hill
294,Dazzlesphere,90 Crownhardt Place
295,Katz,669 Anniversary Point
296,Leexo,8 Logan Place
297,Wordify,0 Oriole Alley
298,Wordware,95121 Comanche Crossing
299,Voolia,902 Eagle Crest Street
300,Feedbug,24209 Mccormick Pass
301,Oloo,59228 Lindbergh Parkway
302,Linkbridge,835 Saint Paul Hill
303,Plajo,15250 Vermont Avenue
304,Kimia,48503 Loftsgordon Road
305,Yakijo,18873 Kim Avenue
306,Chatterbridge,08789 1st Parkway
307,Blogspan,0 Manley Junction
308,Voonyx,3727 Rutledge Drive
309,Eimbee,63 Vera Circle
310,Tagcat,3 Ridge Oak Court
311,Gevee,65879 Dovetail Drive
312,Vidoo,0875 Chive Crossing
313,Realfire,38977 Southridge Drive
314,Gabvine,57709 Carey Pass
315,Rooxo,3 4th Road
316,Voonte,1 Dexter Terrace
317,Skivee,35662 Sommers Way
318,Oozz,56 Shopko Circle
319,Wordify,9914 Center Street
320,Mynte,742 Loeprich Avenue
321,Topicware,2667 Badeau Junction
322,Leexo,90380 Straubel Avenue
323,Oyoloo,3 Springview Junction
324,Voonder,86411 Magdeline Place
325,Twitterlist,4141 Cascade Lane
326,Rhyloo,9773 Victoria Junction
327,Feedfire,62291 Clarendon Plaza
328,Ozu,27889 Crowley Parkway
329,Yozio,476 Iowa Circle
330,Jaloo,02130 Merchant Terrace
331,Demivee,1 Melrose Trail
332,Skippad,7102 Old Shore Place
333,Jabbertype,5815 Elmside Circle
334,Realbuzz,5702 Novick Point
335,Divape,5 East Hill
336,Skiptube,270 Meadow Vale Pass
337,Bubblemix,56608 Rutledge Way
338,Twimbo,6857 Riverside Street
339,Meevee,3322 Twin Pines Parkway
340,Minyx,9870 Buena Vista Terrace
341,Skilith,62111 Loeprich Junction
342,Livefish,014 Northridge Drive
343,Oyoloo,138 Milwaukee Junction
344,Eazzy,6009 Basil Park
345,Brainbox,17368 Redwing Center
346,Oba,16012 Clarendon Avenue
347,Babbleset,05 Vahlen Circle
348,Tagfeed,7090 Reinke Place
349,Centizu,6436 Daystar Drive
350,Mudo,8064 Tomscot Drive
351,Bubbletube,9 Hollow Ridge Junction
352,Quamba,857 8th Hill
353,Skalith,4493 Cherokee Court
354,Cogilith,7 Mockingbird Center
355,Jaloo,24376 Buell Point
356,Oodoo,91 Loeprich Junction
357,Topicblab,68 Maryland Place
358,Skipstorm,0913 Kinsman Place
359,Shufflebeat,6 Ridgeview Place
360,Avamm,1338 Laurel Circle
361,Oyoloo,94 Bonner Pass
362,Fadeo,53 Loftsgordon Drive
363,Edgewire,9 Cambridge Road
364,Youspan,55891 Melody Road
365,Tagtune,436 Shopko Plaza
366,Podcat,143 Lien Pass
367,Flipstorm,4 Oakridge Point
368,Feedspan,2 Laurel Avenue
369,Yabox,86352 Oriole Terrace
370,Trunyx,7307 Brown Pass
371,Skimia,5078 Cottonwood Circle
372,Yabox,691 Fremont Terrace
373,Devbug,945 Grim Terrace
374,Voolith,5078 Aberg Road
375,Tambee,9574 Portage Point
376,Divavu,563 Vermont Trail
377,Skinix,43 Grasskamp Court
378,Tagpad,20 Di Loreto Place
379,Twimm,2986 Mifflin Crossing
380,Wordpedia,5 Westend Place
381,Gigazoom,082 Warrior Circle
382,Jabbercube,64768 Delaware Drive
383,Flashspan,2 Green Ridge Place
384,Avamm,6247 Service Road
385,Quaxo,861 Gerald Junction
386,Devshare,17883 Holy Cross Place
387,Agimba,5 Lakewood Plaza
388,Gigabox,95766 Division Junction
389,Blogtag,076 Southridge Point
390,Thoughtblab,51020 Atwood Place
391,Gabtune,8 Kinsman Park
392,Skiba,1 Nova Street
393,Riffwire,6359 Independence Street
394,Dabjam,679 Little Fleur Pass
395,Dablist,69 Havey Place
396,Jabberstorm,449 Transport Avenue
397,Quamba,0 Morning Circle
398,Flipbug,3871 Summer Ridge Avenue
399,Pixope,5 Corben Street
400,Devshare,3036 Hazelcrest Drive
401,Jayo,26 Little Fleur Point
402,Zoomcast,01 Oriole Lane
403,Dabtype,33 Brown Parkway
404,Meevee,51 Vidon Court
405,Flipbug,92 Oriole Center
406,Realmix,1 Paget Lane
407,Katz,32 Debra Park
408,Linkbuzz,21 Melby Court
409,Skippad,97941 Logan Pass
410,Oozz,23541 Fisk Trail
411,Browseblab,06708 Ridge Oak Point
412,Trunyx,99 Bultman Circle
413,Zoomlounge,29170 Dahle Plaza
414,Jamia,94 Warbler Junction
415,Shuffledrive,2 Forster Terrace
416,Skalith,577 Kingsford Hill
417,Dabtype,7233 Vidon Court
418,Skyvu,56163 Park Meadow Court
419,Leexo,2880 Dexter Lane
420,Agivu,61209 Burning Wood Lane
421,Eire,960 Sauthoff Point
422,Babblestorm,5170 Marcy Plaza
423,Leexo,7082 Dexter Road
424,Zoozzy,5918 Thackeray Terrace
425,Izio,02 Nelson Junction
426,Minyx,33680 Lighthouse Bay Point
427,Lazzy,5 Kropf Hill
428,Tazz,19044 Ruskin Terrace
429,Babbleset,218 Kedzie Alley
430,Cogidoo,5311 Fair Oaks Park
431,Meejo,386 Cottonwood Drive
432,Jabberstorm,5060 Center Lane
433,Edgewire,9 Dryden Street
434,Rhynoodle,770 Alpine Court
435,Mita,451 Petterle Circle
436,Thoughtstorm,54707 Butternut Parkway
437,Bluezoom,7 Thackeray Hill
438,Ainyx,097 Hoffman Terrace
439,Flashpoint,40 Garrison Junction
440,Dynabox,37906 Sunfield Lane
441,Rhybox,77 Grover Street
442,Innotype,10 Loftsgordon Crossing
443,Aivee,54747 Lerdahl Center
444,Twimm,17 2nd Street
445,Devify,6 Namekagon Terrace
446,Twinder,63 Loftsgordon Drive
447,Wikibox,89675 Little Fleur Avenue
448,Rhynoodle,73974 Leroy Point
449,Zoonoodle,74269 Texas Junction
450,Skyba,344 Melvin Pass
451,Viva,8044 Lawn Plaza
452,Fatz,189 David Parkway
453,Roomm,7638 Arrowood Street
454,Zazio,17 Southridge Drive
455,Linklinks,9 Northview Trail
456,Jabberstorm,24782 Division Road
457,Mymm,60645 Hagan Street
458,Gabspot,74767 Donald Road
459,Jabbercube,42473 Bartelt Terrace
460,Kaymbo,3668 Derek Road
461,Flipbug,1 Sullivan Street
462,Topicware,022 Towne Parkway
463,Rhynoodle,8 Maple Wood Drive
464,Browsedrive,264 Esch Center
465,Dabvine,66585 Daystar Parkway
466,Gevee,88500 Farragut Park
467,Oloo,457 Shasta Junction
468,Linkbridge,3548 Atwood Park
469,Zoonoodle,2162 Huxley Trail
470,Izio,91157 Porter Junction
471,Rooxo,4 Mesta Junction
472,Abatz,3 Redwing Road
473,Izio,01 Crest Line Center
474,Kwinu,522 Birchwood Parkway
475,Thoughtstorm,9 Dixon Park
476,Ntags,74575 Norway Maple Hill
477,Podcat,0 Russell Plaza
478,Oyondu,3 Utah Lane
479,Jabbersphere,39317 Talmadge Road
480,Dynava,129 Pierstorff Street
481,Browsecat,4 Marquette Plaza
482,Bubblebox,0 Londonderry Circle
483,Vitz,1794 Kensington Parkway
484,Flipbug,59384 1st Crossing
485,Eayo,47328 Blaine Lane
486,Meetz,465 Bunting Road
487,Oozz,868 Summerview Way
488,InnoZ,09 Becker Terrace
489,Jabbersphere,3509 Michigan Circle
490,Thoughtstorm,5085 Dorton Drive
491,Zoozzy,002 Harbort Pass
492,Gabtype,9870 Kingsford Point
493,Pixope,5 Acker Crossing
494,Topicblab,5 Farwell Place
495,Skyba,0 Coolidge Circle
496,Oyoba,03 Nelson Road
497,Zoombox,90 Pond Plaza
498,Youfeed,6 Main Street
499,Avamba,42845 Elka Terrace
500,Yakidoo,7 Talmadge Drive
501,Twitterbeat,37 Clarendon Circle
502,Flashset,9 Londonderry Place
503,Wordware,30722 Tennyson Court
504,Meetz,0476 Forest Terrace
505,Skilith,50 Pankratz Junction
506,Yakijo,12 Express Lane
507,Roodel,714 Claremont Alley
508,Centimia,826 Wayridge Alley
509,Dabvine,12 Glendale Pass
510,Voolia,39109 Barnett Drive
511,Bubblebox,75835 Dorton Hill
512,Twiyo,3933 Nancy Drive
513,Quire,06597 Straubel Crossing
514,Demivee,31 Lindbergh Lane
515,Buzzbean,3632 Wayridge Drive
516,Brainsphere,515 Corscot Court
517,Babbleset,7 Truax Plaza
518,Topicblab,20 Birchwood Junction
519,Trilith,3 Sundown Park
520,Yata,52884 Springview Avenue
521,Meetz,196 Warbler Trail
522,Izio,1971 Algoma Way
523,Meembee,15382 Hazelcrest Place
524,Izio,0170 Darwin Lane
525,Yodel,00740 Almo Circle
526,Realbridge,6907 Lillian Avenue
527,Agivu,89470 Rowland Court
528,Zoomdog,4 Northport Crossing
529,Topicshots,43076 Erie Park
530,Livefish,2 Katie Drive
531,Twimm,9081 Dovetail Plaza
532,Browsedrive,61 Talisman Trail
533,Thoughtstorm,4313 Tennyson Road
534,Livepath,250 Towne Junction
535,Skiptube,17695 Talmadge Parkway
536,Youspan,54250 Russell Road
537,Shuffledrive,02 Veith Place
538,Digitube,00853 Grim Road
539,Skipfire,81383 Corben Drive
540,Riffpedia,1848 Erie Court
541,Brainlounge,79 Cambridge Avenue
542,Topicstorm,86957 Corben Crossing
543,Livetube,6984 Eastlawn Avenue
544,Gabtune,1720 Toban Park
545,Dazzlesphere,7 Sunnyside Center
546,Miboo,78666 Colorado Plaza
547,JumpXS,67108 Coolidge Crossing
548,Feedmix,7 Kim Park
549,Eazzy,25984 Park Meadow Crossing
550,Realmix,8 Clove Crossing
551,Flashdog,38681 Utah Plaza
552,Thoughtmix,1253 Green Ridge Junction
553,Minyx,7 Farmco Lane
554,Babblestorm,718 Waubesa Court
555,Vinte,8 La Follette Lane
556,Quatz,72 Eastwood Road
557,Plambee,83375 Kings Hill
558,Skinix,92 American Ash Center
559,Kazio,414 Bunting Way
560,Voonyx,601 Doe Crossing Park
561,Vimbo,33 Northland Crossing
562,Twitterbridge,3207 Blaine Street
563,Cogibox,8 Cody Way
564,Reallinks,0462 Arrowood Park
565,Aimbu,899 Thackeray Plaza
566,Voonyx,2 Aberg Court
567,Jabberstorm,1 Merry Center
568,Thoughtmix,67 Walton Drive
569,Yambee,60 Bellgrove Circle
570,Meetz,50 Grasskamp Terrace
571,Janyx,216 Texas Drive
572,Yadel,319 Merrick Road
573,Livetube,36528 7th Junction
574,Realcube,3 Barby Way
575,Dynazzy,0851 Eastlawn Alley
576,Wikizz,9103 Drewry Pass
577,Tanoodle,64061 Debs Street
578,Skibox,37 Gerald Place
579,Voomm,5833 Jackson Pass
580,Twitterbridge,1734 Miller Alley
581,Linktype,79928 Anderson Alley
582,Muxo,23 Texas Court
583,Demimbu,34 Haas Park
584,Trilia,47 Service Junction
585,Avaveo,20438 Cambridge Way
586,Eadel,5 Maryland Court
587,Centizu,63257 Heath Point
588,Skimia,886 Gale Circle
589,Tagfeed,34023 Lakewood Center
590,Zoomcast,47 Westport Street
591,Snaptags,59 Sunbrook Avenue
592,Ailane,4460 Nevada Way
593,Devbug,57 Buhler Trail
594,Jayo,59983 Farragut Road
595,Babblestorm,10 Green Center
596,Skajo,6897 Goodland Hill
597,Thoughtbeat,932 Forest Run Avenue
598,Livefish,4 Southridge Trail
599,Flashpoint,50 Parkside Plaza
600,Oyope,9262 Mandrake Plaza
601,Kaymbo,022 Graedel Hill
602,Mynte,0862 American Pass
603,Thoughtstorm,49241 Forest Avenue
604,Jaloo,45037 Corben Center
605,Yodo,85307 Summit Way
606,Linktype,1984 Hanson Terrace
607,Skynoodle,046 Cardinal Place
608,BlogXS,40 Crowley Place
609,Oyonder,7969 Menomonie Hill
610,Mynte,0 Meadow Vale Lane
611,Leexo,33 High Crossing Plaza
612,Tazz,385 Lawn Avenue
613,Voonyx,75837 Hanover Avenue
614,Voonix,832 Little Fleur Alley
615,Photobug,68 Glacier Hill Parkway
616,LiveZ,96 Bunker Hill Drive
617,Meedoo,7493 Roth Junction
618,Jaxbean,35531 Lotheville Street
619,Jamia,637 Fallview Circle
620,DabZ,609 Londonderry Way
621,Voomm,54289 Maywood Hill
622,Zooxo,23 Buhler Parkway
623,Riffpedia,79 Rigney Point
624,Tekfly,47 Swallow Hill
625,Dablist,3498 Killdeer Circle
626,Twiyo,4 Arkansas Avenue
627,Youtags,361 David Plaza
628,Roodel,10 Nelson Parkway
629,Bubblebox,50582 Brown Crossing
630,Jayo,0 Reinke Avenue
631,Linklinks,8 Ramsey Way
632,Kaymbo,0 Anthes Trail
633,Zoonoodle,85 Lakewood Gardens Road
634,Edgepulse,017 Westport Center
635,Feedfish,3 Ryan Trail
636,Jabbercube,488 Lunder Center
637,Mydeo,7 Norway Maple Center
638,Avamba,36 Birchwood Crossing
639,Twinder,6831 Lakewood Park
640,Browseblab,88 Sachtjen Plaza
641,Jazzy,4971 Debra Court
642,Blogtag,3778 West Point
643,Meevee,0 Holy Cross Street
644,Devcast,5 Bunting Trail
645,Vipe,39 Lighthouse Bay Terrace
646,Twitterworks,540 Heffernan Crossing
647,Buzzster,76 Marcy Pass
648,Gigaclub,493 Farmco Point
649,Meedoo,84 Kenwood Street
650,Jabbersphere,31071 Linden Drive
651,Livetube,322 Oak Circle
652,Rhynyx,9 Loomis Junction
653,Photojam,9840 Golf Course Street
654,Twitterbridge,3 Buell Way
655,Twitterwire,200 Charing Cross Circle
656,Npath,52322 Mendota Center
657,Livefish,27 Bay Drive
658,Jayo,0580 Londonderry Street
659,Blogtags,76 Mariners Cove Center
660,Twitterwire,6 Logan Parkway
661,Edgeblab,09 Nelson Trail
662,Zoomlounge,26 Sachs Place
663,Youtags,02 Corscot Point
664,Leenti,2035 Helena Terrace
665,Fliptune,488 Blue Bill Park Parkway
666,Avavee,97306 Arrowood Point
667,Innotype,38 Bluejay Point
668,Brainlounge,448 Shelley Junction
669,Zoomcast,7 La Follette Circle
670,Yodo,37 Knutson Court
671,Blogtags,4147 Hollow Ridge Place
672,Gigazoom,43 Valley Edge Drive
673,Shuffletag,30 Mallory Court
674,Skyndu,32219 Sage Crossing
675,Realcube,002 Bellgrove Alley
676,Browsecat,09074 Jenifer Lane
677,Twimm,216 Vermont Alley
678,Twinte,168 Graceland Circle
679,Aimbu,053 Namekagon Crossing
680,Aimbo,16 South Court
681,Voonix,8 Fulton Circle
682,Skyndu,64 Lunder Parkway
683,Wordpedia,494 Rusk Plaza
684,Realblab,2 Armistice Point
685,Gabcube,8 Arizona Court
686,Flashdog,31 Village Green Center
687,Youbridge,91321 Shoshone Point
688,Zoonoodle,3513 Hansons Park
689,Meetz,6 Scofield Point
690,Twinte,561 Esch Pass
691,Tanoodle,77184 Westend Pass
692,Browsebug,394 Saint Paul Point
693,Riffwire,38 Park Meadow Terrace
694,Yacero,7751 Debra Circle
695,Zoozzy,66518 Barnett Circle
696,Cogilith,95 Roxbury Junction
697,Skynoodle,19594 Harbort Point
698,Trunyx,2 Bashford Avenue
699,Aibox,7 Goodland Road
700,Oyoloo,79 Crest Line Center
701,Thoughtstorm,96003 East Junction
702,Realbridge,5 Browning Hill
703,Camimbo,6 Reinke Crossing
704,Meezzy,77057 David Court
705,Linkbridge,334 Hoepker Junction
706,Reallinks,3545 Dottie Drive
707,Skyba,8377 Golden Leaf Parkway
708,InnoZ,332 Golf Course Place
709,Meevee,178 Ryan Alley
710,Babbleopia,73982 Del Mar Court
711,Oyondu,55 Vidon Place
712,Twitternation,4491 Alpine Parkway
713,Tavu,5 Fair Oaks Street
714,Realblab,34 Dottie Terrace
715,Flipstorm,674 Dexter Lane
716,Brainsphere,8031 North Crossing
717,Skipstorm,511 Caliangt Hill
718,Wikizz,2 Hudson Road
719,Camimbo,95813 Prairie Rose Street
720,Photolist,9 Ryan Way
721,Twitterbridge,0135 Marquette Court
722,Abata,409 Bowman Alley
723,Mynte,14 Sugar Plaza
724,Jetpulse,652 Rockefeller Parkway
725,Blogspan,5526 Sauthoff Pass
726,Quatz,9 Bluejay Court
727,Topicware,06326 Ramsey Alley
728,Yamia,5 Pepper Wood Street
729,Wikivu,89298 Logan Plaza
730,Oodoo,17 Killdeer Crossing
731,Camido,0 Shopko Hill
732,Vidoo,8341 Haas Park
733,Jayo,5163 Kedzie Pass
734,Abatz,1 Banding Drive
735,Meembee,300 Sutherland Place
736,Jaxspan,87 Troy Lane
737,Voolia,6 Kinsman Circle
738,Flipopia,440 Corry Avenue
739,Yata,3 Mallard Point
740,Yakidoo,5 Elmside Hill
741,Fatz,71 Oriole Center
742,Babbleblab,2 Heffernan Hill
743,Meevee,61643 Mosinee Circle
744,Ooba,203 School Road
745,Quaxo,0543 Amoth Court
746,Skyble,39 Rigney Court
747,Brightdog,0370 Kenwood Junction
748,Meembee,651 Warner Terrace
749,Zoovu,793 1st Crossing
750,Dablist,78268 Dexter Circle
751,Bluejam,7 Hanson Crossing
752,Feednation,4448 Thompson Park
753,Eare,773 Atwood Plaza
754,Blogpad,84135 Pond Point
755,Npath,71 Melby Point
756,Zoomzone,13442 Westport Circle
757,Meezzy,8589 Lukken Terrace
758,Skipstorm,46591 Jay Street
759,Thoughtbridge,22 New Castle Circle
760,Ntags,51910 Susan Drive
761,Myworks,46 Stephen Trail
762,Jazzy,6573 Sutherland Alley
763,Kazio,9782 Tennessee Plaza
764,Feedspan,962 Stone Corner Hill
765,Gabtype,0513 Fairfield Circle
766,Mynte,23 Brickson Park Plaza
767,Realfire,78 Scoville Crossing
768,Quaxo,1477 Haas Junction
769,Teklist,92 Meadow Valley Avenue
770,Devbug,5 Melrose Pass
771,Fatz,23398 Coleman Court
772,Gabvine,88742 Merrick Center
773,Agimba,2 Ilene Avenue
774,Lajo,90187 Anzinger Pass
775,Livepath,53189 Prentice Pass
776,Feedmix,7515 Wayridge Road
777,Yakijo,9274 Magdeline Trail
778,Zazio,485 Summit Center
779,Flipbug,46 Jay Pass
780,Divanoodle,86036 Raven Crossing
781,Dabvine,1523 Miller Road
782,Npath,694 Golf Course Center
783,Twimbo,59764 Clemons Trail
784,InnoZ,6 Schmedeman Pass
785,Buzzbean,30447 Hagan Street
786,Midel,863 Waywood Drive
787,Yadel,2 Paget Lane
788,Dynabox,4 Forest Run Plaza
789,Trudeo,10497 Union Plaza
790,Wordware,6944 Reindahl Park
791,Layo,97 Bowman Point
792,Zoombox,81 Northport Pass
793,Voonyx,3 Starling Alley
794,Quatz,82 Ridgeview Drive
795,Flashspan,559 Namekagon Point
796,Oba,3 Moose Junction
797,Kwimbee,547 Alpine Park
798,Dynazzy,687 Summit Lane
799,Cogidoo,23421 Nancy Avenue
800,Thoughtblab,3743 Daystar Alley
801,Zoomdog,11235 Cascade Alley
802,Skimia,0139 Rigney Crossing
803,Dabjam,0 Laurel Lane
804,Brightdog,7434 South Trail
805,Youtags,16 Ronald Regan Terrace
806,Zoombeat,28388 Oneill Circle
807,Trudeo,9 Shopko Avenue
808,BlogXS,9358 Randy Street
809,Izio,3 Monument Point
810,Minyx,2402 Coolidge Park
811,Riffpath,7817 Gulseth Way
812,Twitterwire,549 Hoard Way
813,Quatz,76857 6th Plaza
814,Thoughtworks,04 Bowman Street
815,Photospace,2 Jenna Point
816,Twinte,2178 Center Point
817,Topicblab,6 Red Cloud Circle
818,Fatz,55 Dixon Park
819,Twinder,09 Fisk Avenue
820,Topdrive,0 Vahlen Circle
821,Katz,44740 2nd Junction
822,Dabshots,4 Autumn Leaf Terrace
823,Ainyx,56042 Rieder Place
824,Dynabox,349 Huxley Terrace
825,Meejo,23878 Sullivan Drive
826,Cogibox,3 Northfield Pass
827,Leexo,0993 Myrtle Place
828,Brainverse,2 Prairieview Terrace
829,Aimbu,26763 Ronald Regan Lane
830,Jabbersphere,7 Russell Place
831,Yakidoo,1 Bay Junction
832,Voomm,4625 Old Shore Alley
833,Wordware,75584 Shasta Court
834,Blogtags,92633 Jackson Drive
835,Avaveo,3354 Karstens Circle
836,Topicstorm,339 Rieder Center
837,Jazzy,3193 New Castle Drive
838,Linklinks,24 Hayes Park
839,Vidoo,93 Kropf Plaza
840,Skimia,090 Westerfield Way
841,Meeveo,74002 Eagle Crest Place
842,Eare,39835 Oakridge Street
843,Skinix,34 Dorton Trail
844,Tanoodle,6933 Havey Alley
845,Minyx,18503 Prairie Rose Drive
846,Oba,55569 Coleman Point
847,Npath,479 Welch Hill
848,Dabfeed,4 Golf View Way
849,Yozio,530 Mccormick Point
850,Dabfeed,85 Moulton Hill
851,Thoughtmix,2069 Rusk Road
852,Vimbo,3 Nelson Pass
853,Omba,5 Surrey Road
854,Eazzy,201 Del Sol Street
855,Mudo,27 Farwell Drive
856,Jaxworks,14435 Mandrake Park
857,Twitterbridge,0299 Butterfield Court
858,Jatri,69 Oneill Trail
859,Skinte,9829 4th Alley
860,Jatri,3636 Maple Circle
861,Fivechat,15 Messerschmidt Court
862,Kayveo,032 Eliot Road
863,Miboo,3519 Red Cloud Point
864,Lazzy,0 Kim Park
865,Shuffledrive,35890 Forest Point
866,Browsebug,6 Old Gate Crossing
867,Bubblemix,51 4th Alley
868,Skyble,90 Prairie Rose Plaza
869,Dynazzy,74 Declaration Drive
870,Eire,60529 Colorado Court
871,Lazzy,2 Karstens Junction
872,Centimia,0 Mayer Trail
873,Avamba,3205 Knutson Plaza
874,Zoomdog,05250 Lakeland Park
875,Yotz,5 Karstens Center
876,Quatz,3346 Westerfield Street
877,Centizu,25440 Lukken Road
878,Divavu,78054 Barnett Way
879,Quinu,3 Garrison Lane
880,Quire,6 4th Trail
881,Yodel,51 Main Junction
882,Photospace,87 Kenwood Way
883,Eire,35 Judy Terrace
884,Demivee,04752 Parkside Crossing
885,Cogidoo,6844 Luster Avenue
886,Omba,70090 Gina Terrace
887,Quimba,0 Carioca Alley
888,Centimia,98311 David Center
889,Lazz,016 Loeprich Plaza
890,Zoozzy,7 Gale Point
891,Nlounge,8 Lakewood Gardens Way
892,Mita,159 Monument Terrace
893,Leexo,69318 Petterle Way
894,Chatterpoint,33036 Dayton Parkway
895,Innojam,3 Grasskamp Parkway
896,Blogpad,6 Hudson Avenue
897,Ailane,8000 Russell Terrace
898,Skippad,743 Thierer Court
899,Linklinks,948 Bluejay Street
900,Skilith,3702 Anderson Alley
901,Zooxo,75710 Springs Circle
902,Twitterbridge,4 Columbus Lane
903,Jabbercube,2 Luster Park
904,Trupe,95 Delaware Park
905,Talane,33571 Erie Center
906,Reallinks,3064 School Parkway
907,Gabtype,16635 Northfield Lane
908,Gabtune,9334 Ilene Court
909,Skimia,376 Daystar Circle
910,Skinte,425 Morrow Court
911,Gigashots,7 Hintze Drive
912,Trunyx,3 Riverside Drive
913,Topiclounge,49 Towne Junction
914,Dynazzy,9 Briar Crest Pass
915,Browsetype,36 Granby Lane
916,Skinder,0 Portage Avenue
917,Twitterlist,5 8th Pass
918,Thoughtblab,715 Bayside Street
919,Vinder,34 Orin Crossing
920,InnoZ,2 Fallview Avenue
921,Minyx,935 Northfield Terrace
922,Tazz,109 Bayside Center
923,Realpoint,05973 Vidon Court
924,Thoughtstorm,9715 Homewood Circle
925,Linkbridge,416 Jackson Way
926,Meejo,3 Caliangt Avenue
927,Youbridge,35 Dapin Hill
928,Divape,51 Buena Vista Crossing
929,Tagcat,2 Hansons Plaza
930,Browsezoom,71079 Bashford Junction
931,Edgeclub,26 Magdeline Street
932,Twitterworks,7 Farwell Circle
933,Rhynyx,8 Kingsford Hill
934,Oozz,1 Vera Park
935,Fatz,4 Tennyson Way
936,Riffpath,87 Gina Street
937,Gevee,08648 Mccormick Lane
938,Eare,56210 Namekagon Way
939,Oodoo,269 Lakewood Trail
940,Jabberstorm,47946 Anhalt Lane
941,Thoughtstorm,145 Rowland Street
942,Zooxo,6361 Twin Pines Crossing
943,Kimia,154 Monument Park
944,Browsebug,122 Superior Lane
945,Jabberbean,823 Dixon Court
946,Kanoodle,74 Pearson Way
947,Brainsphere,7056 Dawn Terrace
948,Eazzy,720 Oak Valley Circle
949,Jabberbean,158 Meadow Ridge Park
950,Oyondu,56 Crest Line Junction
951,Miboo,2978 Esker Junction
952,Rhycero,88293 Fairview Terrace
953,Tagfeed,115 Duke Plaza
954,Rhynoodle,758 Riverside Hill
955,Vinder,753 Schiller Pass
956,Browsetype,1895 Tomscot Crossing
957,Vitz,575 Lake View Alley
958,Skimia,216 Harper Junction
959,Topdrive,423 Esch Point
960,Oyope,0482 Jackson Alley
961,Jabbercube,44715 Coleman Way
962,Roomm,9996 Melody Plaza
963,Oloo,824 Lunder Circle
964,Skipstorm,57681 Amoth Plaza
965,Eamia,41 Oakridge Junction
966,Babbleset,483 Bartelt Crossing
967,Yotz,2141 Heffernan Hill
968,Topicblab,2 South Place
969,Skiba,37153 Raven Park
970,Oyondu,4419 Cordelia Center
971,Zoozzy,6407 Debra Park
972,Divape,0561 School Street
973,Gabspot,7833 Nobel Terrace
974,Flashpoint,5915 Fieldstone Place
975,Oyonder,5 Nelson Plaza
976,Thoughtworks,34985 Pawling Circle
977,Digitube,2 Rusk Drive
978,Browsedrive,9 Mitchell Avenue
979,Vipe,19772 Moose Place
980,Riffpath,07 Pond Drive
981,Abatz,41164 Carioca Place
982,Gabvine,81577 Everett Road
983,Buzzster,75607 Mayfield Street
984,Brightbean,840 Pine View Drive
985,Reallinks,57864 Sachs Court
986,Vimbo,59403 Heffernan Hill
987,Livefish,32311 Beilfuss Court
988,Zoomzone,65 Anderson Court
989,Mudo,8 Holy Cross Road
990,Wikibox,536 Johnson Lane
991,Linktype,795 Tennyson Alley
992,Aivee,0 Grover Terrace
993,Linklinks,37393 Lakewood Pass
994,Roomm,49010 Pankratz Avenue
995,Dynabox,6022 Dexter Way
996,Twitternation,80 Glacier Hill Way
997,Innojam,6 Old Gate Place
998,Youtags,83979 Artisan Crossing
999,Meevee,58 Towne Place
1000,Linkbuzz,88 Tennessee Trail
